"Supplemental Table 5. Predictive performance (AUROCs) for each type of health event in each database with different augmentation ratios, under the overall health event prediction evaluation.",,,,,,,,
Fold,Proportion,Accuracy,Sensitivity,Specificity,F1,AUC,Type,DS
1,all real(baseline),0.733333333,0.416666667,1,0.636363636,0.755555556,calving,D1
1,real+50%Syn,0.733333333,0.466666667,1,0.636363636,0.711111111,calving,D1
1,real+100%Syn,0.733333333,0.466666667,1,0.636363636,0.8,calving,D1
1,real+150%Syn,0.733333333,0.466666667,1,0.636363636,0.68,calving,D1
1,real+200%Syn,0.733333333,0.466666667,1,0.636363636,0.635555556,calving,D1
1,real+300%Syn,0.733333333,0.466666667,1,0.636363636,0.662222222,calving,D1
1,all Syn,0.7,0.4,1,0.571428571,0.653333333,calving,D1
2,all real(baseline),0.766666667,0.483333333,1,0.695652174,0.937777778,calving,D1
2,real+50%Syn,0.766666667,0.533333333,1,0.695652174,0.937777778,calving,D1
2,real+100%Syn,0.766666667,0.533333333,1,0.695652174,0.986666667,calving,D1
2,real+150%Syn,0.766666667,0.533333333,1,0.695652174,0.977777778,calving,D1
2,real+200%Syn,0.766666667,0.533333333,1,0.695652174,1,calving,D1
2,real+300%Syn,0.766666667,0.533333333,1,0.695652174,0.942222222,calving,D1
2,all Syn,0.766666667,0.533333333,1,0.695652174,0.937777778,calving,D1
3,all real(baseline),0.966666667,0.95,0.933333333,0.967741935,1,calving,D1
3,real+50%Syn,0.966666667,1,0.933333333,0.967741935,1,calving,D1
3,real+100%Syn,0.933333333,1,0.866666667,0.9375,1,calving,D1
3,real+150%Syn,0.966666667,1,0.933333333,0.967741935,1,calving,D1
3,real+200%Syn,0.966666667,1,0.933333333,0.967741935,1,calving,D1
3,real+300%Syn,0.933333333,1,0.866666667,0.9375,1,calving,D1
3,all Syn,1,1,1,1,1,calving,D1
1,all real(baseline),0.571428571,0.235714286,0.857142857,0.4,0.510204082,estrus,D1
1,real+50%Syn,0.642857143,0.285714286,1,0.444444444,0.428571429,estrus,D1
1,real+100%Syn,0.571428571,0.142857143,1,0.25,0.551020408,estrus,D1
1,real+150%Syn,0.642857143,0.285714286,1,0.444444444,0.530612245,estrus,D1
1,real+200%Syn,0.571428571,0.285714286,0.857142857,0.4,0.469387755,estrus,D1
1,real+300%Syn,0.642857143,0.285714286,1,0.444444444,0.693877551,estrus,D1
1,all Syn,0.571428571,0.192857143,1,0.25,0.816326531,estrus,D1
2,all real(baseline),0.571428571,0.092857143,1,0.25,0.163265306,estrus,D1
2,real+50%Syn,0.571428571,0.142857143,1,0.25,0.714285714,estrus,D1
2,real+100%Syn,0.5,0.142857143,0.857142857,0.222222222,0.142857143,estrus,D1
2,real+150%Syn,0.571428571,0.142857143,1,0.25,0.632653061,estrus,D1
2,real+200%Syn,1,1,1,1,1,estrus,D1
2,real+300%Syn,1,1,1,1,1,estrus,D1
2,all Syn,1,1,1,1,1,estrus,D1
3,all real(baseline),0.5,0,1,0,0.102040816,estrus,D1
3,real+50%Syn,0.5,0,1,0,0.142857143,estrus,D1
3,real+100%Syn,0.428571429,0,0.857142857,0,0.020408163,estrus,D1
3,real+150%Syn,0.5,0,1,0,0,estrus,D1
3,real+200%Syn,0.428571429,0,0.857142857,0,0,estrus,D1
3,real+300%Syn,0.5,0.142857143,0.857142857,0.222222222,0.632653061,estrus,D1
3,all Syn,0.5,0.05,1,0,0.816326531,estrus,D1
1,all real(baseline),0.904761905,0.75952381,1,0.894736842,0.968253968,disease,D1
1,real+50%Syn,0.904761905,0.80952381,1,0.894736842,0.968253968,disease,D1
1,real+100%Syn,0.904761905,0.80952381,1,0.894736842,0.984126984,disease,D1
1,real+150%Syn,0.904761905,0.80952381,1,0.894736842,0.990929705,disease,D1
1,real+200%Syn,0.904761905,0.80952381,1,0.894736842,0.977324263,disease,D1
1,real+300%Syn,0.904761905,0.80952381,1,0.894736842,0.979591837,disease,D1
1,all Syn,0.857142857,0.764285714,1,0.833333333,0.990929705,disease,D1
2,all real(baseline),1,0.95,1,1,1,disease,D1
2,real+50%Syn,0.976190476,1,0.952380952,0.976744186,1,disease,D1
2,real+100%Syn,0.976190476,1,0.952380952,0.976744186,1,disease,D1
2,real+150%Syn,0.952380952,1,0.904761905,0.954545455,1,disease,D1
2,real+200%Syn,0.976190476,1,0.952380952,0.976744186,1,disease,D1
2,real+300%Syn,0.976190476,1,0.952380952,0.976744186,1,disease,D1
2,all Syn,1,1,1,1,1,disease,D1
3,all real(baseline),0.928571429,0.807142857,1,0.923076923,0.990929705,disease,D1
3,real+50%Syn,0.928571429,0.857142857,1,0.923076923,0.990929705,disease,D1
3,real+100%Syn,0.976190476,0.952380952,1,0.975609756,0.997732426,disease,D1
3,real+150%Syn,0.976190476,0.952380952,1,0.975609756,0.995464853,disease,D1
3,real+200%Syn,0.952380952,0.952380952,0.952380952,0.952380952,0.990929705,disease,D1
3,real+300%Syn,0.976190476,0.952380952,1,0.975609756,0.993197279,disease,D1
3,all Syn,0.904761905,0.907142857,0.952380952,0.9,0.990929705,disease,D1
1,all real(baseline),0.876106195,0.790707965,0.911504425,0.871559633,0.923094996,calving,D2
1,real+50%Syn,0.862831858,0.849557522,0.876106195,0.860986547,0.922076905,calving,D2
1,real+100%Syn,0.867256637,0.82300885,0.911504425,0.861111111,0.919335892,calving,D2
1,real+150%Syn,0.880530973,0.876106195,0.884955752,0.88,0.923564884,calving,D2
1,real+200%Syn,0.867256637,0.778761062,0.955752212,0.854368932,0.923408254,calving,D2
1,real+300%Syn,0.862831858,0.82300885,0.902654867,0.857142857,0.922468478,calving,D2
1,all Syn,0.504424779,0.008849558,1,0.01754386,0.831388519,calving,D2
2,all real(baseline),0.889380531,0.790707965,0.938053097,0.88372093,0.95974626,calving,D2
2,real+50%Syn,0.845132743,0.699115044,0.991150442,0.81865285,0.948625578,calving,D2
2,real+100%Syn,0.911504425,0.92920354,0.89380531,0.913043478,0.967734357,calving,D2
2,real+150%Syn,0.89380531,0.840707965,0.946902655,0.887850467,0.953794346,calving,D2
2,real+200%Syn,0.898230088,0.92920354,0.867256637,0.901287554,0.958101652,calving,D2
2,real+300%Syn,0.89380531,0.82300885,0.96460177,0.885714286,0.957475135,calving,D2
2,all Syn,0.5,0.008849558,0.991150442,0.017391304,0.743441147,calving,D2
3,all real(baseline),0.849557522,0.755309735,0.89380531,0.842592593,0.922625108,calving,D2
3,real+50%Syn,0.849557522,0.778761062,0.920353982,0.838095238,0.924974548,calving,D2
3,real+100%Syn,0.849557522,0.814159292,0.884955752,0.844036697,0.92199859,calving,D2
3,real+150%Syn,0.862831858,0.82300885,0.902654867,0.857142857,0.92552275,calving,D2
3,real+200%Syn,0.849557522,0.82300885,0.876106195,0.845454545,0.918552745,calving,D2
3,real+300%Syn,0.867256637,0.831858407,0.902654867,0.862385321,0.926070953,calving,D2
3,all Syn,0.508849558,0.026548673,0.991150442,0.051282051,0.786044326,calving,D2
1,all real(baseline),0.5625,0.125,1,0.222222222,0.918701172,estrus,D2
1,real+50%Syn,0.9296875,0.90625,0.953125,0.928,0.959228516,estrus,D2
1,real+100%Syn,0.90625,0.890625,0.921875,0.904761905,0.948730469,estrus,D2
1,real+150%Syn,0.90625,0.9375,0.875,0.909090909,0.955078125,estrus,D2
1,real+200%Syn,0.921875,0.921875,0.921875,0.921875,0.942382813,estrus,D2
1,real+300%Syn,0.9609375,0.953125,0.96875,0.960629921,0.989013672,estrus,D2
1,all Syn,0.953125,0.9375,0.96875,0.952380952,0.993652344,estrus,D2
2,all real(baseline),0.5,0,1,0,0.643798828,estrus,D2
2,real+50%Syn,0.6875,0.421875,0.953125,0.574468085,0.758056641,estrus,D2
2,real+100%Syn,0.5703125,0.140625,1,0.246575342,0.723876953,estrus,D2
2,real+150%Syn,0.7109375,0.53125,0.890625,0.647619048,0.744628906,estrus,D2
2,real+200%Syn,0.671875,0.40625,0.9375,0.553191489,0.748535156,estrus,D2
2,real+300%Syn,0.671875,0.390625,0.953125,0.543478261,0.756591797,estrus,D2
2,all Syn,0.5,0,1,0,0.425292969,estrus,D2
3,all real(baseline),0.6640625,0.375,0.953125,0.527472527,0.757324219,estrus,D2
3,real+50%Syn,0.625,0.421875,0.828125,0.529411765,0.705688477,estrus,D2
3,real+100%Syn,0.609375,0.34375,0.875,0.468085106,0.708618164,estrus,D2
3,real+150%Syn,0.515625,0.09375,0.9375,0.162162162,0.602050781,estrus,D2
3,real+200%Syn,0.671875,0.421875,0.921875,0.5625,0.766723633,estrus,D2
3,real+300%Syn,0.515625,0.0625,0.96875,0.114285714,0.598144531,estrus,D2
3,all Syn,0.5078125,0.0625,0.953125,0.112676056,0.514160156,estrus,D2
1,all real(baseline),0.505882353,0.273529412,0.988235294,0.045454545,0.567058824,disease,D2
1,real+50%Syn,0.505882353,0.320588235,0.941176471,0.125,0.604429066,disease,D2
1,real+100%Syn,0.5,0.261764706,0.988235294,0.022988506,0.634048443,disease,D2
1,real+150%Syn,0.517647059,0.308823529,0.976470588,0.108695652,0.59266436,disease,D2
1,real+200%Syn,0.511764706,0.297058824,0.976470588,0.087912088,0.650934256,disease,D2
1,real+300%Syn,0.511764706,0.297058824,0.976470588,0.087912088,0.608581315,disease,D2
1,all Syn,0.511764706,0.323529412,1,0.045977011,0.611626298,disease,D2
2,all real(baseline),0.517647059,0.344117647,0.941176471,0.163265306,0.522214533,disease,D2
2,real+50%Syn,0.523529412,0.308823529,0.988235294,0.10989011,0.508788927,disease,D2
2,real+100%Syn,0.5,0.273529412,0.976470588,0.04494382,0.529550173,disease,D2
2,real+150%Syn,0.529411765,0.344117647,0.964705882,0.166666667,0.556124567,disease,D2
2,real+200%Syn,0.511764706,0.308823529,0.964705882,0.107526882,0.537439446,disease,D2
2,real+300%Syn,0.535294118,0.320588235,1,0.131868132,0.57384083,disease,D2
2,all Syn,0.511764706,0.323529412,1,0.045977011,0.546574394,disease,D2
3,all real(baseline),0.511764706,0.297058824,0.976470588,0.087912088,0.510311419,disease,D2
3,real+50%Syn,0.505882353,0.273529412,0.988235294,0.045454545,0.539238754,disease,D2
3,real+100%Syn,0.5,0.261764706,0.988235294,0.022988506,0.527750865,disease,D2
3,real+150%Syn,0.523529412,0.308823529,0.988235294,0.10989011,0.526228374,disease,D2
3,real+200%Syn,0.505882353,0.297058824,0.964705882,0.086956522,0.523875433,disease,D2
3,real+300%Syn,0.511764706,0.297058824,0.976470588,0.087912088,0.525813149,disease,D2
3,all Syn,0.505882353,0.323529412,0.988235294,0.045454545,0.557370242,disease,D2
1,all real(baseline),0.75,0.45,1,0.666666667,0.75,calving,D3
1,real+50%Syn,0.75,0.5,1,0.666666667,1,calving,D3
1,real+100%Syn,0.75,0.5,1,0.666666667,0.5,calving,D3
1,real+150%Syn,0.75,0.5,1,0.666666667,0.75,calving,D3
1,real+200%Syn,0.75,0.5,1,0.666666667,1,calving,D3
1,real+300%Syn,0.75,0.5,1,0.666666667,1,calving,D3
1,all Syn,0.75,0.5,1,0.666666667,0.5,calving,D3
2,all real(baseline),1,0.95,1,1,1,calving,D3
2,real+50%Syn,1,1,1,1,1,calving,D3
2,real+100%Syn,1,1,1,1,1,calving,D3
2,real+150%Syn,1,1,1,1,1,calving,D3
2,real+200%Syn,1,1,1,1,1,calving,D3
2,real+300%Syn,1,1,1,1,1,calving,D3
2,all Syn,1,1,1,1,1,calving,D3
3,all real(baseline),0.5,0.45,0.5,0.5,0.5,calving,D3
3,real+50%Syn,0.5,0.5,0.5,0.5,0.5,calving,D3
3,real+100%Syn,0.5,0.5,0.5,0.5,0.5,calving,D3
3,real+150%Syn,0.5,0.5,0.5,0.5,0.5,calving,D3
3,real+200%Syn,0.5,0.5,0.5,0.5,0.75,calving,D3
3,real+300%Syn,0.75,0.5,1,0.666666667,0.75,calving,D3
3,all Syn,0.75,0.5,1,0.666666667,0.5,calving,D3
1,all real(baseline),0.722222222,0.616666667,0.777777778,0.705882353,0.888888889,estrus,D3
1,real+50%Syn,0.777777778,0.888888889,0.666666667,0.8,0.87654321,estrus,D3
1,real+100%Syn,0.777777778,0.777777778,0.777777778,0.777777778,0.827160494,estrus,D3
1,real+150%Syn,0.777777778,1,0.555555556,0.818181818,0.975308642,estrus,D3
1,real+200%Syn,0.888888889,1,0.777777778,0.9,0.987654321,estrus,D3
1,real+300%Syn,0.833333333,1,0.666666667,0.857142857,0.987654321,estrus,D3
1,all Syn,0.5,0,1,0,0.75308642,estrus,D3
2,all real(baseline),0.777777778,0.505555556,1,0.714285714,0.827160494,estrus,D3
2,real+50%Syn,0.944444444,1,0.888888889,0.947368421,0.987654321,estrus,D3
2,real+100%Syn,0.944444444,0.888888889,1,0.941176471,1,estrus,D3
2,real+150%Syn,0.722222222,0.444444444,1,0.615384615,0.938271605,estrus,D3
2,real+200%Syn,0.944444444,0.888888889,1,0.941176471,1,estrus,D3
2,real+300%Syn,0.944444444,0.888888889,1,0.941176471,1,estrus,D3
2,all Syn,0.888888889,0.888888889,0.888888889,0.888888889,0.962962963,estrus,D3
3,all real(baseline),0.833333333,0.616666667,1,0.8,0.975308642,estrus,D3
3,real+50%Syn,0.833333333,0.666666667,1,0.8,0.962962963,estrus,D3
3,real+100%Syn,0.833333333,0.666666667,1,0.8,0.839506173,estrus,D3
3,real+150%Syn,0.833333333,0.666666667,1,0.8,0.913580247,estrus,D3
3,real+200%Syn,0.611111111,0.555555556,0.666666667,0.588235294,0.827160494,estrus,D3
3,real+300%Syn,0.833333333,0.666666667,1,0.8,0.864197531,estrus,D3
3,all Syn,0.5,0.111111111,0.888888889,0.181818182,0.592592593,estrus,D3
1,all real(baseline),0.625,0.5,0.75,0.571428571,0.5625,disease,D3
1,real+50%Syn,0.5,0.5,0.5,0.5,0.25,disease,D3
1,real+100%Syn,0.5,0.75,0.25,0.6,0.625,disease,D3
1,real+150%Syn,0.375,0.25,0.5,0.285714286,0.375,disease,D3
1,real+200%Syn,0.5,0.25,0.75,0.333333333,0.6875,disease,D3
1,real+300%Syn,0.375,0.25,0.5,0.285714286,0.25,disease,D3
1,all Syn,0.625,0.5,1,0.4,0.75,disease,D3
2,all real(baseline),0.5,0,1,0,0.4375,disease,D3
2,real+50%Syn,0.75,0.75,0.75,0.75,0.75,disease,D3
2,real+100%Syn,0.375,0,0.75,0,0.5,disease,D3
2,real+150%Syn,0.5,0.25,0.75,0.333333333,0.4375,disease,D3
2,real+200%Syn,0.75,0.5,1,0.666666667,0.8125,disease,D3
2,real+300%Syn,0.75,0.5,1,0.666666667,0.5,disease,D3
2,all Syn,0.75,0.75,1,0.666666667,0.5,disease,D3
3,all real(baseline),0.375,0.5,0.25,0.444444444,0.5,disease,D3
3,real+50%Syn,0.5,0.5,0.5,0.5,0.4375,disease,D3
3,real+100%Syn,0.5,0.75,0.25,0.6,0.4375,disease,D3
3,real+150%Syn,0.375,0.5,0.25,0.444444444,0.5625,disease,D3
3,real+200%Syn,0.375,0.5,0.25,0.444444444,0.4375,disease,D3
3,real+300%Syn,0.375,0.5,0.25,0.444444444,0.375,disease,D3
3,all Syn,0.5,0.5,0.75,0.333333333,0.3125,disease,D3
1,all real(baseline),0.948275862,0.915517241,0.931034483,0.949152542,0.969084423,calving,D4
1,real+50%Syn,0.913793103,0.965517241,0.862068966,0.918032787,0.979785969,calving,D4
1,real+100%Syn,0.931034483,0.965517241,0.896551724,0.933333333,0.959571938,calving,D4
1,real+150%Syn,0.913793103,0.965517241,0.862068966,0.918032787,0.975029727,calving,D4
1,real+200%Syn,0.913793103,0.965517241,0.862068966,0.918032787,0.988109394,calving,D4
1,real+300%Syn,0.931034483,0.965517241,0.896551724,0.933333333,0.98216409,calving,D4
1,all Syn,0.931034483,0.965517241,0.896551724,0.933333333,0.984542212,calving,D4
2,all real(baseline),0.982758621,0.915517241,1,0.98245614,0.997621879,calving,D4
2,real+50%Syn,0.948275862,0.965517241,0.931034483,0.949152542,0.995243757,calving,D4
2,real+100%Syn,0.965517241,0.931034483,1,0.964285714,0.976218787,calving,D4
2,real+150%Syn,0.948275862,0.965517241,0.931034483,0.949152542,0.995243757,calving,D4
2,real+200%Syn,0.948275862,0.931034483,0.965517241,0.947368421,0.996432818,calving,D4
2,real+300%Syn,0.965517241,0.965517241,0.965517241,0.965517241,0.996432818,calving,D4
2,all Syn,0.965517241,0.965517241,0.965517241,0.965517241,0.994054697,calving,D4
3,all real(baseline),0.913793103,0.777586207,1,0.905660377,0.947681332,calving,D4
3,real+50%Syn,0.913793103,0.827586207,1,0.905660377,0.975029727,calving,D4
3,real+100%Syn,0.913793103,0.827586207,1,0.905660377,0.973840666,calving,D4
3,real+150%Syn,0.896551724,0.793103448,1,0.884615385,0.961950059,calving,D4
3,real+200%Syn,0.913793103,0.827586207,1,0.905660377,0.971462545,calving,D4
3,real+300%Syn,0.913793103,0.827586207,1,0.905660377,0.98097503,calving,D4
3,all Syn,0.896551724,0.793103448,1,0.884615385,0.985731272,calving,D4
1,all real(baseline),0.5,0,1,0,0.76,estrus,D4
1,real+50%Syn,0.866666667,0.8,0.933333333,0.857142857,0.902222222,estrus,D4
1,real+100%Syn,0.866666667,0.866666667,0.866666667,0.866666667,0.946666667,estrus,D4
1,real+150%Syn,0.866666667,0.8,0.933333333,0.857142857,0.88,estrus,D4
1,real+200%Syn,0.866666667,1,0.733333333,0.882352941,0.96,estrus,D4
1,real+300%Syn,0.866666667,0.933333333,0.8,0.875,0.902222222,estrus,D4
1,all Syn,0.5,0.066666667,0.933333333,0.117647059,0.644444444,estrus,D4
2,all real(baseline),0.966666667,0.95,0.933333333,0.967741935,1,estrus,D4
2,real+50%Syn,0.966666667,1,0.933333333,0.967741935,1,estrus,D4
2,real+100%Syn,0.933333333,0.933333333,0.933333333,0.933333333,0.991111111,estrus,D4
2,real+150%Syn,0.933333333,0.933333333,0.933333333,0.933333333,0.937777778,estrus,D4
2,real+200%Syn,0.966666667,1,0.933333333,0.967741935,0.942222222,estrus,D4
2,real+300%Syn,0.866666667,1,0.733333333,0.882352941,0.991111111,estrus,D4
2,all Syn,0.766666667,0.6,0.933333333,0.72,0.733333333,estrus,D4
3,all real(baseline),0.866666667,0.75,0.933333333,0.857142857,0.96,estrus,D4
3,real+50%Syn,0.866666667,0.8,0.933333333,0.857142857,0.924444444,estrus,D4
3,real+100%Syn,0.933333333,0.866666667,1,0.928571429,0.982222222,estrus,D4
3,real+150%Syn,0.8,0.666666667,0.933333333,0.769230769,0.951111111,estrus,D4
3,real+200%Syn,0.9,0.866666667,0.933333333,0.896551724,0.937777778,estrus,D4
3,real+300%Syn,0.933333333,1,0.866666667,0.9375,0.973333333,estrus,D4
3,all Syn,0.733333333,0.466666667,1,0.636363636,0.897777778,estrus,D4
1,all real(baseline),0.7,0.6,0.75,0.684210526,0.8175,disease,D4
1,real+50%Syn,0.85,0.85,0.85,0.85,0.9275,disease,D4
1,real+100%Syn,0.875,0.85,0.9,0.871794872,0.91,disease,D4
1,real+150%Syn,0.8,0.9,0.7,0.818181818,0.8025,disease,D4
1,real+200%Syn,0.725,0.6,0.85,0.685714286,0.78,disease,D4
1,real+300%Syn,0.9,1,0.8,0.909090909,0.965,disease,D4
1,all Syn,0.575,0.55,0.6,0.564102564,0.6225,disease,D4
2,all real(baseline),0.75,0.55,0.9,0.705882353,0.8975,disease,D4
2,real+50%Syn,0.7,0.7,0.7,0.7,0.7975,disease,D4
2,real+100%Syn,0.7,0.55,0.85,0.647058824,0.705,disease,D4
2,real+150%Syn,0.7,0.9,0.5,0.75,0.6925,disease,D4
2,real+200%Syn,0.725,0.55,0.9,0.666666667,0.88,disease,D4
2,real+300%Syn,0.725,1,0.45,0.784313725,0.8025,disease,D4
2,all Syn,0.55,0.1,1,0.181818182,0.8,disease,D4
3,all real(baseline),0.725,0.6,0.8,0.702702703,0.8825,disease,D4
3,real+50%Syn,0.775,0.75,0.8,0.769230769,0.895,disease,D4
3,real+100%Syn,0.7,0.5,0.9,0.625,0.8725,disease,D4
3,real+150%Syn,0.75,0.6,0.9,0.705882353,0.88,disease,D4
3,real+200%Syn,0.75,0.7,0.8,0.736842105,0.85,disease,D4
3,real+300%Syn,0.825,0.65,1,0.787878788,0.915,disease,D4
3,all Syn,0.625,0.25,1,0.4,0.7575,disease,D4